baseline_only_correct,causal_only_correct,discordant_pairs,p_value,lambda
21,17,38,0.6271025701571489,0.25
16,34,50,0.015346677832630107,0.75
14,65,79,5.194941262584353e-09,1.5
12,99,111,3.4466261850741707e-18,3.0
