model_type,lambda,n_seeds,id_accuracy_mean,ood_accuracy_full_mean,ood_accuracy_200_mean,ood_accuracy_200_ci_low,ood_accuracy_200_ci_high,generalization_gap_mean,ood_accuracy_200_std
baseline,0.0,5,0.8649376558603491,0.6522693266832917,0.645,0.563,0.7230000000000001,0.21266832917705739,0.10136567466356648
causal_invariance,0.25,5,0.8680299251870324,0.6428927680798006,0.6409999999999999,0.57395,0.702,0.2251371571072319,0.08241662453655814
causal_invariance,0.75,5,0.8671321695760599,0.6675311720698255,0.663,0.6020000000000001,0.7150000000000001,0.19960099750623442,0.072336021455427
causal_invariance,1.5,5,0.8666334164588528,0.6991521197007481,0.696,0.643,0.74,0.1674812967581047,0.06137996415769562
causal_invariance,3.0,5,0.8630423940149626,0.7453366583541147,0.732,0.695,0.764,0.11770573566084783,0.04424364361125788
