baseline_only_correct,causal_only_correct,discordant_pairs,p_value,lambda
114,225,339,1.6664017549595104e-09,0.1
98,268,366,2.2143692963891813e-19,0.25
94,355,449,9.759890195665018e-37,0.5
93,452,545,1.3823204460509925e-57,0.75
87,546,633,3.38913196932057e-82,1.0
90,759,849,1.2195945498464237e-132,1.5
87,972,1059,6.535442300969604e-190,2.0
87,1306,1393,1.0111430479264893e-279,3.0
92,1581,1673,0.0,4.0
